DE,COD_ESC,NOMESC,PEI,ETI,ano
SANTO ANASTACIO,32220,18 DE JUNHO                                                 ,1,0,2015
TAQUARITINGA,24880,9 DE JULHO,1,0,2019
ADAMANTINA,31264,9 DE JULHO                                                  ,1,0,2014
MARILIA,33820,ABEL AUGUSTO FRAGATA                                        ,0,1,2011
JABOTICABAL,22603,ABILIO MANOEL                                               ,1,0,2015
SANTO ANDRE,8576,ADAMASTOR DE CARVALHO PROFESSOR                             ,0,1,2011
MOGI DAS CRUZES,924830,ADELAIDE MARIA DE BARROS PROFESSORA                         ,1,0,2014
SAO VICENTE,49189,ADELAIDE PATROCINIO DOS SANTOS,1,0,2019
SUL 3,925998,ADELAIDE ROSA FERNANDES MACHADO DE SOUZA PROFESSORA,1,0,2018
JALES,27054,ADELINO BERTANI                                             ,0,1,2011
SANTO ANASTACIO,911203,ADELINO CHUBA GUIMARO PROFESSOR                             ,0,1,2011
PIRACICABA,20734,ADEMAR VIEIRA PISCO                                         ,1,0,2015
PIRACICABA,48324,ADOLPHO CARVALHO PROFESSOR                                  ,1,0,2014
FERNANDOPOLIS,26897,AFONSO CAFARO                                               ,1,0,2013
SANTOS,11435,AFONSO SCHIMIDT,1,0,2018
LIMEIRA,917761,ALBERTO FIERZ,1,0,2017
CENTRO OESTE,4157,ALBERTO TORRES                                              ,1,0,2014
CAIEIRAS,904351,ALBINO FIORE,1,0,2019
SAO VICENTE,901404,ALBINO LUIZ CALDAS PROFESSOR                                ,0,1,2011
ITAPETININGA,70221,ALCEU GOMES DA SILVA PROF                                   ,1,0,2014
PIRACICABA,20761,ALCIDES GUIDETTI ZAGATTO PROFESSOR                          ,1,0,2016
AMERICANA,16998,ALCINDO SOARES DO NASCIMENTO PROF                           ,1,0,2015
SAO JOAO DA BOA VISTA,19057,ALEXANDRE FLEMING                                           ,1,0,2016
CENTRO OESTE,3669,ALEXANDRE VON HUMBOLDT                                      ,1,0,2012
CENTRO OESTE,3897,ALFREDO BRESSER                                             ,0,1,2011
SANTO ANASTACIO,32256,ALFREDO MARCONDES CABRAL,1,0,2019
CENTRO OESTE,3360,ALFREDO PAULINO                                             ,1,0,2015
SAO VICENTE,12063,ALFREDO REIS VIEGAS DOUTOR,1,0,2017
ANDRADINA,922365,ALICE MARQUES DA SILVA ROCHA                                ,1,0,2013
MOGI MIRIM,47348,ALMERINDA RODRIGUES PROFA                                   ,0,1,2011
SOROCABA,16184,ALTAMIR GONCALVES PROFESSOR                                 ,1,0,2013
ARACATUBA,48513,ALTINA MORAES SAMPAIO PROFA                                 ,1,0,2014
JAU,38027,ALVA FABRI MIRANDA PROFESSORA,1,0,2019
LESTE 5,2045,ALVINO BITTENCOURT PROFESSOR                                ,1,0,2015
BARRETOS,919664,ALZIRA TONELLI ZACCARELLI PROFESSORA                        ,0,1,2015
SAO BERNARDO DO CAMPO,9180,AMADEU OLIVERIO PROFESSOR                                   ,1,0,2014
LESTE 4,41671,AMADOR ARRUDA MENDES PROF                                   ,0,1,2011
TAUBATE,14175,AMADOR BUENO DA VEIGA                                       ,1,0,2014
FRANCA,22780,AMALIA PIMENTEL PROFA                                       ,0,1,2011
CENTRO SUL,1855,AMERICO DE MOURA PROFESSOR,1,0,2018
MARILIA,33728,AMILCARE MATTEI PROF                                        ,1,0,2013
SAO JOSE DO RIO PRETO,28794,AMIRA HOMSI CHALELLA PROFESSORA                             ,1,0,2012
JAU,496376,ANA FRANCO DA ROCHA BRANDO PROFA                            ,1,0,2014
SUMARE,267697,ANA LUCIA PIERINI PROFESSORA                                ,0,1,2011
JUNDIAI,19550,ANA PINTO DUARTE PAES PROFESSORA                            ,1,0,2014
NORTE 1,37692,ANA SIQUEIRA DA SILVA,1,0,2019
ANDRADINA,29634,ANCHIETA PADRE                                              ,0,1,2011
SAO CARLOS,907820,ANDRE DONATONI                                              ,0,1,2011
FRANCA,36870,ANGELO GOSUEN PROF,1,0,2019
SUL 1,4698,ANGELO MENDES DE ALMEIDA DOUTOR,1,0,2018
FRANCA,22913,ANGELO SCARABUCCI                                           ,1,0,2016
TAQUARITINGA,24909,ANIBAL DO PRADO E SILVA PROF                                ,1,0,2015
PIRACICABA,925792,ANIGER FRANCISCO DE MARIA MELILLO DOM                       ,1,0,2014
JOSE BONIFACIO,28812,ANISIO JOSE MOREIRA                                         ,1,0,2014
CENTRO SUL,1764,ANNITA ATALLA PROFESSORA                                    ,0,1,2011
APIAI,14370,ANTONIA BAPTISTA CALAZANS LUZ PROFA,1,0,2018
ARARAQUARA,21885,ANTONIA EUGENIA MARTINS PROFA                               ,0,1,2011
SANTOS,11897,ANTONIO ABLAS FILHO DOUTOR                                  ,1,0,2013
CENTRO OESTE,3700,ANTONIO ALVES CRUZ PROFESSOR                                ,1,0,2012
ITU,15702,ANTONIO BERRETA PROF                                        ,1,0,2013
JALES,28393,ANTONIO BEZERRA DE ARAUJO PREFEITO                          ,0,1,2011
SANTO ANDRE,8230,ANTONIO DE CAMPOS GONCALVES PROFESSOR                       ,0,1,2011
PIRACICABA,20849,ANTONIO DE MELLO COTRIM PROFESSOR,1,0,2017
JUNDIAI,49499,ANTONIO DUTRA PROFESSOR                                     ,1,0,2012
FRANCA,46152,ANTONIO FACHADA PROF,1,0,2019
PRESIDENTE PRUDENTE,32104,ANTONIO FIORAVANTE DE MENEZES,1,0,2019
LESTE 2,925385,ANTONIO JOSE DE SUCRE                                       ,0,1,2011
JABOTICABAL,23760,ANTONIO JOSE PEDROSO PROFESSOR                              ,1,0,2016
BIRIGUI,30211,ANTONIO KASSAWARA KATUTOK                                   ,0,1,2011
JALES,28332,ANTONIO MARIN CRUZ                                          ,0,1,2011
AMERICANA,17292,ANTONIO MATARAZZO PROF                                      ,1,0,2014
BARRETOS,22469,ANTONIO OLYMPIO DOUTOR                                      ,0,1,2011
VOTUPORANGA,27479,ANTONIO PERCILIANO GAUDENCIO                                ,0,1,2011
PIRACICABA,48343,ANTONIO PINTO DE ALMEIDA FERRAZ DOUTOR                      ,1,0,2016
MARILIA,43266,APARECIDA LOPES RAMOS PROFA                                 ,0,1,2012
CENTRO SUL,3748,ARCY MAJOR                                                  ,1,0,2015
LIMEIRA,48461,ARLINDO SILVESTRE PROFESSOR                                 ,1,0,2014
ITAPEVA,15118,ARLINDO VIEIRA PADRE                                        ,1,0,2013
MOGI MIRIM,20254,ARMANI PADRE,1,0,2018
PIRACICABA,496479,AROLDO DONIZETTI LEITE                                      ,1,0,2014
TAUBATE,919767,ARRECIERES NATALI                                           ,0,1,2012
VOTUPORANGA,29269,ARTHUR FRANCISCO ANDRIGHETTI                                ,0,1,2013
CAIEIRAS,41075,ARTHUR WEINGRILL                                            ,1,0,2014
TUPA,900977,ARY FONSECA                                                 ,0,1,2011
GUARULHOS SUL,6048,ARY GOMES CORONEL                                           ,0,1,2011
LESTE 2,37035,ASTROGILDO ARRUDA PROF,1,0,2019
ITAPETININGA,49293,ATALIBA JULIO DE OLIVEIRA PROF                              ,0,1,2011
LIMEIRA,49529,ATALIBA PIRES DO AMARAL PROFESSOR                           ,1,0,2015
BOTUCATU,14965,ATILIO INNOCENTI PROF                                       ,1,0,2014
LESTE 4,36559,AUGUSTO BAILLOT PROF                                        ,0,1,2011
NORTE 1,632,AUGUSTO DE MACEDO COSTA DOUTOR                              ,0,1,2011
SAO VICENTE,12191,AUGUSTO PAES D AVILA REVERENDO                              ,1,0,2012
PENAPOLIS,30466,AUGUSTO PEREIRA DE MORAES                                   ,0,1,2011
JABOTICABAL,23565,AURELIO ARROBAS MARTINS                                     ,0,1,2011
BARRETOS,22445,AYMORE DO BRASIL PROFESSOR                                  ,1,0,2016
NORTE 1,12,AYRES DE MOURA PROFESSOR                                    ,1,0,2013
ASSIS,40186,AZARIAS RIBEIRO CEL                                         ,0,1,2012
SAO BERNARDO DO CAMPO,9088,BAETA NEVES DOUTOR,1,0,2018
ITAPECERICA DA SERRA,918672,BAIRRO BOA VISTA                                            ,0,1,2011
JABOTICABAL,406004,BAIRRO CRUZEIRO                                             ,0,1,2013
ITARARE,915105,BAIRRO DO TOME                                              ,0,1,2011
ITARARE,916341,BAIRRO ENGENHEIRO MAIA                                      ,0,1,2012
RIBEIRAO PRETO,462792,BAIRRO FRANCISCO CASTILHO                                   ,1,0,2014
MIRANTE DO PARANAPANEMA,32300,BAIRRO SANTA RITA DO PONTAL                                 ,0,1,2011
ITAPECERICA DA SERRA,915282,BAIRRO VITALINO                                             ,0,1,2011
JALES,27108,BAPTISTA DOLCI                                              ,0,1,2011
ITAPETININGA,16627,BARAO DE SURUI                                              ,1,0,2016
CATANDUVA,26670,BARAO DO RIO BRANCO                                         ,0,1,2011
ITARARE,15436,BARBARA VIDAL CESAR,0,1,2018
RIBEIRAO PRETO,905811,BAUDILIO BIAGI                                              ,0,1,2011
AMERICANA,49402,BENEDICTA ARANHA DE OLIVEIRA LINO PROFA,1,0,2019
PIRACICABA,435491,BENEDICTO EVANGELISTA COSTA PROFESSOR                       ,1,0,2014
TUPA,32487,BENEDICTO MARTINS BARBOSA DOUTOR                            ,1,0,2014
JACAREI,46814,BENEDICTO MAURO DOS SANTOS PROF,1,0,2019
VOTORANTIM,913741,BENEDICTO RODRIGUES PROFESSOR                               ,1,0,2014
ITU,37564,BENEDITA DE REZENDE PROFA                                   ,0,1,2011
CARAGUATATUBA,35853,BENEDITA PINTO FERREIRA                                     ,1,0,2015
LESTE 5,2070,BENEDITO ESTEVAM DOS SANTOS DOUTOR                          ,0,1,2011
FRANCA,907807,BENEDITO EUFRASIO MARCONDES VIEIRA PROF                     ,0,1,2011
CAIEIRAS,5712,BENEDITO FAGUNDES MARQUES,1,0,2019
MOGI MIRIM,911124,BENEDITO FLORES DE AZEVEDO,1,0,2018
JACAREI,41907,BENEDITO MANOEL DOS SANTOS                                  ,0,1,2011
CAMPINAS LESTE,18429,BENEDITO SAMPAIO PROFESSOR,1,0,2019
ITAPECERICA DA SERRA,902135,BENEVIDES BERALDO COMENDADOR,1,0,2019
ADAMANTINA,31574,BENJAMIN CONSTANT                                           ,0,1,2011
SUL 2,461313,BERNADETE APARECIDA PEREIRA GODOI PROFA                     ,1,0,2015
LIMEIRA,20011,BRASIL,1,0,2017
CENTRO OESTE,3876,BRASILIO MACHADO                                            ,1,0,2015
CENTRO SUL,1797,BRISABELLA ALMEIDA NOBRE PROFESSORA                         ,1,0,2014
CENTRO,942,BUENOS AIRES                                                ,1,0,2016
JAU,25811,CAETANO LOURENCO DE CAMARGO,1,0,2019
SAO JOAO DA BOA VISTA,20333,CAMILO LELLIS PROFESSOR                                     ,0,1,2012
SANTO ANDRE,8710,CAMILO PEDUTI                                               ,0,1,2011
ITAPECERICA DA SERRA,9945,CARLOS ALBERTO PEREIRA                                      ,1,0,2015
JALES,27261,CARLOS DE ARNALDO SILVA PROFESSOR                           ,1,0,2014
SANTO ANDRE,8148,CARLOS DE CAMPOS DOUTOR                                     ,0,1,2011
LESTE 5,2124,CARLOS ESCOBAR                                              ,0,1,2011
SANTO ANDRE,8624,CARLOS GARCIA DOUTOR                                        ,1,0,2015
CAMPINAS LESTE,18776,CARLOS LENCASTRE PROFESSOR                                  ,1,0,2014
SAO JOAO DA BOA VISTA,41497,CARLOS LIMA DIAS DOUTOR                                     ,1,0,2016
CENTRO OESTE,3840,CARLOS MAXIMILIANO PEREIRA DOS SANTOS                       ,1,0,2013
JACAREI,13785,CARLOS PORTO CORONEL                                        ,1,0,2014
BIRIGUI,30120,CARLOS ROSA DOUTOR                                          ,0,1,2012
FRANCA,907819,CARMEM NOGUEIRA NICACIO PROFA                               ,0,1,2012
SAO VICENTE,42161,CARMEN MIRANDA                                              ,1,0,2015
LIMEIRA,21556,CAROLINA AUGUSTA SERAPHIM PROFESSORA                        ,1,0,2013
ASSIS,33145,CAROLINA FRANCINI BURALI DONA                               ,1,0,2014
CENTRO,978,CASIMIRO DE ABREU                                           ,1,0,2014
MARILIA,33613,CASTRO ALVES                                                ,1,0,2015
VOTUPORANGA,29221,CECILIA MEIRELES                                            ,0,1,2011
CENTRO OESTE,3864,CECILIANO JOSE ENNES PROFESSOR                              ,0,1,2011
CAIEIRAS,5770,CELESTINA VALENTE LENGENFELDER PROFA                        ,1,0,2015
LESTE 2,923795,CELIA RIBEIRO LANDIM PROFA                                  ,1,0,2015
SANTO ANDRE,8059,CELSO GAMA DOUTOR,1,0,2019
CAMPINAS LESTE,17700,CELSO HENRIQUE TOZZI PROFESSOR                              ,1,0,2013
GUARULHOS NORTE,923761,CELSO PIVA PROFESSOR,1,0,2018
TAUBATE,14000,CESAR COSTA DEPUTADO                                        ,0,1,2011
BAURU,25598,CHRISTINO CABRAL PROF,1,0,2018
GUARULHOS NORTE,922171,CIDADE SERODIO                                              ,0,1,2011
AMERICANA,45500,CLARICE COSTA CONTI PROFA                                   ,1,0,2014
LESTE 5,1910,CLEMENTE QUAGLIO PROFESSOR                                  ,1,0,2016
LESTE 3,922912,COHAB INACIO MONTEIRO III,1,0,2018
CATANDUVA,577704,COHAB PALMARES PAULISTA,0,1,2018
JUNDIAI,19720,CONDE DO PARNAIBA                                           ,1,0,2012
SAO CARLOS,42894,CONDE DO PINHAL                                             ,1,0,2014
SAO JOAO DA BOA VISTA,921701,CONJUNTO HABITACIONAL NATAL MERLI                           ,0,1,2011
AMERICANA,42473,CONSTANTINO AUGUSTO PINKE PROF,1,0,2019
MOGI MIRIM,17577,CORIOLANO BURGOS DR,1,0,2018
JALES,28435,CORIPHEU DE AZEVEDO MARQUES                                 ,0,1,2011
CENTRO OESTE,3773,COSTA MANSO MINISTRO                                        ,1,0,2014
SAO JOAO DA BOA VISTA,20692,CRISTIANO OSORIO DE OLIVEIRA CORONEL                        ,1,0,2014
SANTO ANDRE,8102,CRISTINA FITTIPALDI PROFESSORA                              ,1,0,2014
CAMPINAS LESTE,18326,CULTO A CIENCIA                                             ,1,0,2015
MOGI DAS CRUZES,191267,DAGOBERTO JOSE MACHADO ,1,0,2019
BARRETOS,49712,DALVA VIEIRA ITAVO PROFESSORA                               ,1,0,2014
FERNANDOPOLIS,26931,DATHAN CERVO PROFESSOR                                      ,0,1,2011
ARACATUBA,498087,DAVID GOLIAS PROF                                           ,1,0,2014
LINS,903589,DECIA LOURDES MACHADO DOS SANTOS PROFA                      ,1,0,2015
VOTUPORANGA,30612,DECIO PRATA PREFEITO                                        ,0,1,2011
JUNDIAI,35993,DEOLINDA COPELLI DE SOUZA LIMA PROFESSORA                   ,1,0,2014
AMERICANA,17218,DILECTA CENEVIVA MARTINELLI PROFA,1,0,2019
NORTE 2,46036,DIRCE PASTORE DONATO PROFA                                  ,1,0,2016
CARAPICUIBA,9842,DIVA DA CUNHA BARRA PROFESSORA,1,0,2018
PIRASSUNUNGA,21532,DJALMA FORJAZ DOUTOR                                        ,1,0,2015
CAMPINAS LESTE,18569,DJALMA OCTAVIANO PROFESSOR                                  ,1,0,2014
ADAMANTINA,31636,DOM BOSCO,1,0,2018
ARARAQUARA,49633,DORIVAL DE CARVALHO                                         ,1,0,2015
CENTRO,577,DULCE FERREIRA BOARIN PROFESSORA                            ,1,0,2015
LESTE 2,39135,DULCE LEITE DA SILVA PROFA                                  ,1,0,2016
ANDRADINA,29427,EDGAR RAIMUNDO DA COSTA DR,1,0,2017
CARAPICUIBA,9885,EDGARD DE MOURA BITTENCOURT DESEMBARGADOR                   ,1,0,2013
MARILIA,923000,EDSON VIANEI ALVES PROF                                     ,1,0,2014
CARAGUATATUBA,11290,EDUARDO CORREA DA COSTA JUNIOR DOUTOR                       ,1,0,2014
LESTE 5,46048,EDUARDO GOMES BRIGADEIRO                                    ,0,1,2011
PIRACICABA,446048,EDUARDO MILAD KOAIK DOM                                     ,1,0,2014
BAURU,25240,EDUARDO VELHO FILHO PROF                                    ,1,0,2013
PIRACICABA,920782,EDUIR BENEDICTO SCARPARI PROFESSOR,1,0,2019
ITAPEVI,923874,ELIANA ANDRES DE ALMEIDA SOUZA PROFESSORA                   ,1,0,2016
CAPIVARI,18727,ELIAS MASSUD DOUTOR                                         ,0,1,2011
JALES,909993,ELIDE APPARECIDA CARLOS PROFESSORA ESCOLA ESTADUAL          ,0,1,2011
AMERICANA,17115,ELISABETH STEAGALL PIRTOUSCHEG PROFA                        ,1,0,2014
CAMPINAS OESTE,901118,ELISEU NARCISO REVERENDO,1,0,2019
BARRETOS,28125,ELOI LOPES FERRAZ DOUTOR                                    ,0,1,2011
SAO CARLOS,36420,ELYDIA BENETTI PROFESSOA                                    ,0,1,2012
MARILIA,446920,EMICO MATSUMOTO GEOGRAFA                                    ,1,0,2014
AMERICANA,17231,EMILIO ROMI COMENDADOR                                      ,1,0,2013
SAO VICENTE,12087,ENIO VILAS BOAS PROFESSOR                                   ,1,0,2013
ITARARE,15301,EPAMINONDAS FERREIRA LOBO DOUTOR                            ,1,0,2014
VOTUPORANGA,28939,EPAMINONDAS JOSE DE ANDRADE                                 ,0,1,2013
JAU,25860,EPHIGENIA CARDOSO MACHADO FORTUNATO PROFESSORA              ,0,1,2011
CENTRO OESTE,4716,ERICO DE ABREU SODRE                                        ,0,1,2011
ASSIS,33273,ERNANI RODRIGUES PROF                                       ,1,0,2014
ITAPETININGA,15209,ERNESTA XAVIER RABELO ORSI PROFA                            ,1,0,2015
ARARAQUARA,919408,ERNESTO MASSELANI                                           ,0,1,2011
SOROCABA,16366,ESCOLASTICA ROSA DE ALMEIDA PROFESSORA                      ,1,0,2014
JAU,917680,ESMERALDA LEONOR FURLANI CALAF PROFESSORA,1,0,2019
LESTE 1,2483,ESTHER FRANKEL SAMPAIO                                      ,0,1,2011
SANTO ANDRE,8709,ESTHER MEDINA PROFESSORA                                    ,0,1,2011
SUMARE,35981,EUCLIDES MIRANDA VEREADOR                                   ,1,0,2016
PINDAMONHANGABA,46802,EUNICE BUENO ROMEIRO PROFESSORA                             ,1,0,2013
ITAQUAQUECETUBA,7031,EUSTAQUIO PADRE                                             ,1,0,2014
PINDAMONHANGABA,442550,EXPEDITO CAMARGO FREIRE PROFESSOR                           ,1,0,2012
REGISTRO,35130,FABIO BARRETO DOUTOR,1,0,2017
GUARULHOS SUL,6269,FABIO FANUCCHI PROFESSOR                                    ,1,0,2016
BRAGANCA PAULISTA,911677,FABIO HACL PINOLA PROF                                      ,1,0,2015
SAO BERNARDO DO CAMPO,41257,FAUSTINA PINHEIRO SILVA PROFESSORA                          ,1,0,2013
SANTO ANDRE,8734,FELICIO LAURITO DOUTOR                                      ,0,1,2011
SOROCABA,495104,FERNANDA DE CAMARGO PIRES PROFESSORA,1,0,2018
CARAPICUIBA,10509,FERNANDO NOBRE                                              ,0,1,2011
MOGI DAS CRUZES,6725,FIRMINO LADEIRA PROFESSOR                                   ,0,1,2012
CENTRO OESTE,4029,FLAVIA VIZIBELI PIRRO PROFESSORA                            ,0,1,2011
ITAPETININGA,15027,FORTUNATO DE CAMARGO DR                                     ,0,1,2013
MAUA,7973,FORTUNATO PANDOLFI ARNONI                                   ,0,1,2011
MIRANTE DO PARANAPANEMA,907698,FRANCISCA MESSA GUTIERREZ                                   ,0,1,2011
ASSIS,33182,FRANCISCA RIBEIRO MELLO FERNANDES PROFA                     ,0,1,2011
BAURU,49645,FRANCISCO ALVES BRIZOLA PROF,1,0,2019
MOGI MIRIM,20321,FRANCISCO ANTONIO GONCALVES                                 ,1,0,2015
BARRETOS,28113,FRANCISCO BERNARDES FERREIRA COMENDADOR                     ,0,1,2011
SOROCABA,16202,FRANCISCO EUPHRASIO MONTEIRO                                ,1,0,2016
PIRACICABA,49955,FRANCISCO MARIANO DA COSTA PROFESSOR                        ,1,0,2015
SAO JOSE DOS CAMPOS,13936,FRANCISCO PEREIRA DA SILVA PROFESSOR                        ,1,0,2013
ANDRADINA,30764,FRANCISCO SCHMIDT CEL                                       ,1,0,2014
SAO JOAO DA BOA VISTA,19343,FRANCISCO THOMAZ DE CARVALHO DOUTOR                         ,1,0,2016
MOGI MIRIM,17361,FRANCISCO TOZZI DR                                          ,1,0,2013
NORTE 2,913820,FRANCISCO VOCCIO,1,0,2018
PIRASSUNUNGA,21465,FRANCO CORONEL                                              ,0,1,2011
LESTE 5,2094,FREDERICO VERGUEIRO STEIDEL                                 ,0,1,2011
CENTRO,656,FRONTINO GUIMARAES                                          ,1,0,2015
SANTO ANDRE,907170,GABRIEL GONCALVES PROFESSOR                                 ,0,1,2011
MARILIA,33674,GABRIEL MONTEIRO DA SILVA                                   ,1,0,2014
SANTO ANDRE,8023,GABRIEL OSCAR DE AZEVEDO ANTUNES PROFESSOR                  ,0,1,2014
LIMEIRA,20163,GABRIEL POZZI PROFESSOR                                     ,1,0,2013
OURINHOS,34472,GENESIO BOAMORTE DOUTOR                                     ,1,0,2014
SOROCABA,914629,GENEZIA IZABEL CARDOSO MENCACCI PROFESSORA                  ,1,0,2016
ADAMANTINA,31306,GERALDO PECORARI PROF                                       ,1,0,2015
JAU,25975,GERALDO PEREIRA DE BARROS DOUTOR,1,0,2018
RIBEIRAO PRETO,906759,GERALDO TRISTAO DE LIMA PROFESSOR                           ,0,1,2011
TUPA,31604,GINEZ CARMONA MARTINEZ DOUTOR                               ,0,1,2011
SANTOS,905021,GRACINDA MARIA FERREIRA PROFESSORA                          ,1,0,2014
LESTE 5,1485,GUERINO RASO                                                ,0,1,2011
JABOTICABAL,22731,GUSTAVO FERNANDO KUHLMANN                                   ,0,1,2013
FERNANDOPOLIS,26906,HAROLDO GUIMARAES BASTOS ENGENHEIRO                         ,0,1,2011
CAPIVARI,18843,HELIO CERQUEIRA LEITE PROFESSOR                             ,1,0,2016
AMERICANA,922353,HENRIQUE NICOPELLI MONSENHOR                                ,1,0,2014
SANTO ANDRE,8394,HERMINIA LOPES LOBO PROFESSORA                              ,0,1,2011
FERNANDOPOLIS,26815,HILDA BERTONCINI RODRIGUES PROFESSORA                       ,0,1,2011
CAMPINAS LESTE,42651,HILTON FEDERICI PROFESSOR                                   ,0,1,2011
APIAI,913583,HIROSHI KOSUGE                                              ,0,1,2011
SANTO ANASTACIO,922663,HIROSHI SHIRASSU SHIRUCA PROFESSOR                          ,1,0,2014
CENTRO,930,HOMEM DE MELLO BARAO,1,0,2019
SANTO ANDRE,8345,HOMERO THON                                                 ,0,1,2011
PIRACICABA,20898,HONORATO FAUSTINO                                           ,1,0,2016
GUARATINGUETA,12373,HUMBERTO TURNER                                             ,1,0,2015
SUL 1,39299,IBRAHIM NOBRE,1,0,2019
SUZANO,7274,IIJIMA,1,0,2019
SAO JOSE DOS CAMPOS,13523,ILZA IRMA MOELLER COPPIO PROFESSORA                         ,1,0,2013
AMERICANA,17000,INOCENCIO MAIA PROF                                         ,0,1,2012
FRANCA,42808,IOLANDA RIBEIRO NOVAIS PROFA                                ,0,1,2015
MOGI DAS CRUZES,191243,IRENE CAPORALI DE SOUZA PROFESSORA                          ,1,0,2016
LESTE 5,2021,IRENE RIBEIRO PROFESSORA                                    ,1,0,2015
CENTRO SUL,4873,ISABEL PRINCESA                                             ,1,0,2014
LESTE 5,1417,ISAI LEIRNER                                                ,1,0,2016
CAIEIRAS,5587,ISAIAS LUIZ MATIAZZO                                        ,1,0,2013
PINDAMONHANGABA,45408,ISMENIA MONTEIRO DE OLIVEIRA PROFESSORA                     ,1,0,2015
JALES,28400,ITAEL DE MATTOS PROFESSOR                                   ,0,1,2011
ITAPEVI,908836,ITAJAHY FEITOSA MARTINS PROFESSOR,1,0,2018
SUL 3,901787,ITURBIDES BOLIVAR DE ALMEIDA SERRA PROF                     ,0,1,2011
LIMEIRA,909385,IVETE SALA DE QUEIROZ PROFESSORA                            ,1,0,2013
GUARULHOS SUL,900114,IZABEL FERREIRA DOS SANTOS PROFESSORA DONA BELINHA          ,0,1,2011
PIRACICABA,21088,JACANA ALTAIR PEREIRA GUERRINI PROFESSORA                   ,0,1,2011
SANTO ANASTACIO,32311,JACINTO DE OLIVEIRA CAMPOS PROFESSOR                        ,1,0,2016
CAMPINAS OESTE,40873,JAMIL GADIA DEPUTADO                                        ,1,0,2016
SAO JOSE DO RIO PRETO,28915,JAMIL KHAUAN PROFESSOR                                      ,1,0,2012
LESTE 4,2434,JAMIL PEDRO SAWAYA PROF                                     ,0,1,2011
MOGI MIRIM,565805,JARDIM BELA VISTA II,1,0,2017
SAO VICENTE,12178,JARDIM BOPEVA                                               ,1,0,2015
ARARAQUARA,497381,JARDIM BUSCARDI                                             ,1,0,2014
ITAPECERICA DA SERRA,918830,JARDIM CAMPESTRE                                            ,0,1,2011
LINS,479329,JARDIM DOM BOSCO                                            ,1,0,2014
PINDAMONHANGABA,497812,JARDIM DOS CISNES                                           ,1,0,2014
AMERICANA,578587,JARDIM NOVO MUNDO                                           ,1,0,2016
RIBEIRAO PRETO,412181,JARDIM ORESTES LOPES DE CAMARGO,1,0,2019
SANTO ANDRE,29178,JARDIM RIVIERA                                              ,1,0,2012
MARILIA,462688,JARDIM SANTA ANTONIETA                                      ,1,0,2014
GUARULHOS NORTE,463140,JARDIM SANTA CECILIA,1,0,2018
ITAPECERICA DA SERRA,920058,JARDIM SILVANIA                                             ,0,1,2011
SUMARE,17036,JAYME DE BARROS CAMARA DOM                                  ,1,0,2013
SAO BERNARDO DO CAMPO,41294,JEAN PIAGET                                                 ,1,0,2014
FRANCA,23206,JERONIMO BARBOSA SANDOVAL                                   ,1,0,2015
PIRACICABA,21064,JERONYMO GALLO MONSENHOR                                    ,1,0,2015
FERNANDOPOLIS,27091,JERONYMO TRAZZI                                             ,0,1,2011
SAO BERNARDO DO CAMPO,9404,JOANA MOTTA PROFESSORA                                      ,1,0,2016
FERNANDOPOLIS,30727,JOANITA BIANCHI BONSEGNO CARVALHO PROFESSORA                ,0,1,2011
APIAI,14333,JOAO ANTUNES ALEXANDRE,1,0,2018
ARACATUBA,29944,JOAO ARRUDA BRASIL                                          ,1,0,2015
LESTE 2,902858,JOAO BATISTA VILANOVA ARTIGAS PROF                          ,1,0,2016
TUPA,34599,JOAO BREDICKS                                               ,0,1,2011
SOROCABA,16226,JOAO CLIMACO DE CAMARGO PIRES,1,0,2018
AMERICANA,17164,JOAO DE CASTRO GONCALVES DR                                 ,0,1,2013
CAMPINAS OESTE,18831,JOAO GUMERCINDO GUIMARAES PROFESSOR                         ,0,1,2011
CAMPINAS LESTE,18296,JOAO NERY DOM,1,0,2019
PINDAMONHANGABA,13183,JOAO PEDRO CARDOSO DR,1,0,2018
TUPA,32438,JOAO PEREZ SANTOS                                           ,0,1,2014
MIRANTE DO PARANAPANEMA,32347,JOAO PINHEIRO CORREA                                        ,0,1,2011
LESTE 4,2690,JOAO RAMACCIOTTI PROF                                       ,0,1,2011
AMERICANA,17322,JOAO SOLIDARIO PEDROSO PROF                                 ,0,1,2011
AMERICANA,17224,JOAO XXIII                                                  ,1,0,2013
SAO JOSE DOS CAMPOS,35373,JOAQUIM ANDRADE MEIRELLES PROFESSOR,1,0,2018
SANTO ANDRE,8618,JOAQUIM DA FONSECA SARAIVA                                  ,0,1,2011
GUARATINGUETA,13110,JOAQUIM FERREIRA PEDRO PROF                                 ,1,0,2013
CAIEIRAS,5551,JOAQUIM MARQUES DA SILVA SOBRINHO TTE                       ,1,0,2012
ARARAQUARA,462330,JOAQUIM PINTO MACHADO JUNIOR PROFESSOR MACHADINHO           ,1,0,2012
LESTE 4,924490,JOAQUIN SUAREZ                                              ,0,1,2011
PRESIDENTE PRUDENTE,47673,JOEL ANTONIO DE LIMA GENESIO PROFESSOR                      ,1,0,2013
AMERICANA,49918,JORGE CALIL ASSAD SALLUM PROF                               ,1,0,2014
ARACATUBA,29889,JORGE CORREA PROF                                           ,1,0,2014
PIRACICABA,21179,JORGE COURY DOUTOR                                          ,1,0,2014
SAO JOAO DA BOA VISTA,19136,JORGE LUIZ ABICHABKI PROFESSOR                              ,0,1,2014
SOROCABA,914630,JORGE MADUREIRA PROFESSOR,1,0,2018
VOTUPORANGA,30697,JOSE ANTONIO DE CASTILHO                                    ,0,1,2011
BAURU,25525,JOSE APARECIDO GUEDES DE AZEVEDO PROF                       ,1,0,2014
OURINHOS,34228,JOSE AUGUSTO DE OLIVEIRA PROFESSOR                          ,1,0,2016
ASSIS,33200,JOSE AUGUSTO RIBEIRO                                        ,1,0,2014
FERNANDOPOLIS,908137,JOSE BELUCIO,1,0,2019
FERNANDOPOLIS,26827,JOSE BRANDINI                                               ,0,1,2011
FRANCA,922444,JOSE CARLOS DONADELI PANICE PROF                            ,0,1,2012
SUMARE,909592,JOSE CLARET DIONISIO PROFESSOR                              ,1,0,2015
PIRACICABA,21097,JOSE DE MELLO MORAES PROFESSOR                              ,1,0,2014
TAUBATE,14148,JOSE DE MOURA REZENDE MINISTRO                              ,0,1,2011
SAO JOAO DA BOA VISTA,905495,JOSE DOS REIS PONTES                                        ,0,1,2012
JALES,27259,JOSE DOS SANTOS                                             ,0,1,2011
ASSIS,32980,JOSE DOS SANTOS ALMEIDA,1,0,2018
VOTORANTIM,16779,JOSE ERMIRIO DE MORAES SENADOR                              ,1,0,2015
LIMEIRA,47302,JOSE FERRAZ SAMPAIO PENTEADO PROFESSOR                      ,1,0,2014
SAO CARLOS,24417,JOSE FERREIRA DA SILVA,1,0,2019
VOTUPORANGA,27546,JOSE FLORENCIO DO AMARAL                                    ,0,1,2011
SUL 3,5373,JOSE GERALDO DE LIMA PROF EE                                ,1,0,2014
OSASCO,38647,JOSE GERALDO VIEIRA                                         ,1,0,2015
OURINHOS,35737,JOSE INOCENCIO MOREIRA CORONEL,1,0,2019
CAMPINAS OESTE,18181,JOSE LEME DO PRADO PROFESSOR,1,0,2019
LIMEIRA,21763,JOSE LEVY CORONEL                                           ,1,0,2013
LIMEIRA,36109,JOSE MARCILIANO DA COSTA JUNIOR PROFESSOR                   ,1,0,2014
TAUBATE,39664,JOSE MARCONDES DE MATTOS DOUTOR                             ,1,0,2014
LESTE 5,2203,JOSE MARQUES DA CRUZ PROFESSOR,1,0,2018
MIRACATU,34770,JOSE MUNIZ TEIXEIRA                                         ,0,1,2011
SAO VICENTE,12130,JOSE NIGRO PROFESSOR                                        ,0,1,2011
PIRASSUNUNGA,20023,JOSE OMETTO                                                 ,0,1,2011
PIRASSUNUNGA,47797,JOSE PEDRO DE MORAES                                        ,0,1,2011
GUARATINGUETA,905045,JOSE PEREIRA EBOLI PROF,1,0,2018
SAO ROQUE,903231,JOSE PINTO DO AMARAL PROFESSOR                              ,1,0,2013
FRANCA,911288,JOSE RICARDO PUCCI PROF                                     ,0,1,2012
SOROCABA,903280,JOSE ROQUE DE ALMEIDA ROSA PROFESSOR                        ,1,0,2014
GUARULHOS SUL,5861,JOSE SCARAMELLI PROFESSOR                                   ,0,1,2011
ITAPECERICA DA SERRA,46231,JOSE SILVEIRA DA MOTTA PROFESSOR                            ,0,1,2012
JALES,27212,JOSE TEIXEIRA DO AMARAL                                     ,0,1,2011
ITAPEVA,15519,JOSE VASQUES FERRARI PROFESSOR                              ,1,0,2013
CENTRO SUL,4820,JOSE VICENTE DE AZEVEDO CONDE,1,0,2018
SAO JOAO DA BOA VISTA,907431,JOSE ZILAH GONCALVES DOS SANTOS PROFESSOR                   ,0,1,2013
TAQUARITINGA,25021,JOSEPHA MARIA DE OLIVEIRA BERSANO PROFA                     ,0,1,2011
FRANCA,48586,JOSEPHINA ZINNI ALMADA PROFA                                ,0,1,2015
ARACATUBA,30089,JOUBERT DE CARVALHO DR                                      ,0,1,2011
LESTE 5,1922,JULIETA NOGUEIRA RINALDI PROFESSORA                         ,0,1,2011
SANTOS,11629,JULIO CONCEICAO                                             ,1,0,2015
OURINHOS,34061,JUSTINA DE OLIVEIRA GONCALVES PROFESSORA,1,0,2019
BRAGANCA PAULISTA,18041,JUVENAL ALVIM MAJOR                                         ,1,0,2014
BARRETOS,907741,LACY BONILHA DE SOUZA PROFESSORA                            ,0,1,2011
ARARAQUARA,44672,LAERT JOSE TARALLO MENDES PROF                              ,0,1,2011
CENTRO SUL,4893,LASAR SEGALL                                                ,1,0,2015
AMERICANA,919160,LAURA EMMIE PYLES PROFA                                     ,0,1,2011
SAO BERNARDO DO CAMPO,9234,LAURO GOMES DE ALMEIDA                                      ,1,0,2013
ANDRADINA,30557,LEA SILVA MORAES PROFA                                      ,1,0,2014
SUMARE,267703,LEILA MARA AVELINO PROFESSORA                               ,1,0,2013
SAO JOSE DO RIO PRETO,28782,LEME CARDEAL                                                ,1,0,2014
ITAPEVI,918805,LEONOR MENDES DE BARROS                                     ,1,0,2014
CAMPINAS LESTE,40861,LEONOR ZUHLKE FALSON PROFESSORA                             ,0,1,2011
FERNANDOPOLIS,27121,LESBINO DE SOUZA ALKIMIN                                    ,0,1,2011
GUARULHOS SUL,437736,LEVI VIEIRA DA MAIA PROFESSOR,1,0,2018
ARACATUBA,29737,LICOLINA VILLELA REIS ALVES PROFA                           ,1,0,2015
FRANCA,36882,LINA PICCHIONI ROCHA PROFA                                  ,0,1,2012
SUMARE,39858,LIOMAR FREITAS CAMARA PROFESSORA,1,0,2018
FRANCA,903401,LIZETE PAULINO TEIXEIRA PROFA                               ,0,1,2012
MOGI MIRIM,35920,LONGINO VASTBINDER PADRE                                    ,1,0,2014
SANTO ANDRE,8412,LOUIS JOSEPH LEBRET PADRE                                   ,0,1,2011
CENTRO OESTE,3980,LOURENCO FILHO PROFESSOR                                    ,1,0,2015
LESTE 2,923527,LUCIANE DO ESPIRITO SANTO PROFA,1,0,2017
OSASCO,11149,LUCY ANNA CARROZO LATORRE PROFESSORA,1,0,2019
MOGI MIRIM,907480,LUIZ BORTOLETTO                                             ,1,0,2014
SUMARE,42500,LUIZ CAMPO DALL ORTO SOBRINHO,1,0,2018
PENAPOLIS,30296,LUIZ CHRISOSTOMO DE OLIVEIRA                                ,0,1,2011
CAMPINAS OESTE,18259,LUIZ GALHARDO PROFESSOR                                     ,1,0,2016
ARACATUBA,29713,LUIZ GAMA                                                   ,0,1,2011
SANTO ANDRE,8138,LUIZ MARTINS                                                ,0,1,2011
BRAGANCA PAULISTA,903851,LUIZ ROBERTO PINHEIRO ALEGRETTI PROFESSOR                   ,1,0,2016
BARRETOS,22457,MACEDO SOARES EMBAIXADOR,1,0,2018
PIRACICABA,48331,MANASSES EPHRAIN PEREIRA PROFESSOR                          ,1,0,2015
ARACATUBA,29798,MANOEL BENTO DA CRUZ                                        ,0,1,2011
CAPIVARI,21155,MANOEL DA COSTA NEVES PROFESSOR                             ,0,1,2011
LESTE 2,2951,MANOEL DE NOBREGA DEPUTADO                                  ,1,0,2015
FERNANDOPOLIS,30533,MANOEL DOS SANTOS                                           ,0,1,2011
SANTO ANDRE,8291,MANOEL GRANDINI CASQUEL DOUTOR                              ,1,0,2013
PINDAMONHANGABA,14230,MANUEL CABRAL                                               ,1,0,2013
SAO JOSE DOS CAMPOS,922018,MARCIA HELENA BARBOSA LINO PROFESSORA,1,0,2017
LIMEIRA,21696,MARCIANO DE TOLEDO PIZA PROFESSOR                           ,1,0,2014
SAO BERNARDO DO CAMPO,922924,MARCO ANTONIO PRUDENTE DE TOLEDO PROFESSOR                  ,1,0,2016
ASSIS,43230,MARIA ANGELA BATISTA DIAS PROFA,1,0,2018
BAURU,26487,MARIA ANGELICA MARCONDES PROFA,1,0,2018
NORTE 2,904272,MARIA ANTONIETTA DE CASTRO PROFA                            ,1,0,2015
MIRANTE DO PARANAPANEMA,32918,MARIA APARECIDA DE AZEREDO PASSOS,1,0,2019
LESTE 1,2550,MARIA APARECIDA DE CASTRO MASIERO PROFESSORA,1,0,2018
MIRANTE DO PARANAPANEMA,44696,MARIA AUDENIR DE CARVALHO PROFESSORA,1,0,2018
OSASCO,10844,MARIA AUGUSTA SIQUEIRA PROFESSORA,1,0,2018
BRAGANCA PAULISTA,905410,MARIA CECILIA TEIXEIRA PINTO PROFESSORA                     ,1,0,2016
FERNANDOPOLIS,26852,MARIA CONCEICAO APARECIDA BASSO PROFA                       ,0,1,2011
JALES,28289,MARIA DAS DORES FERREIRA DA ROCHA PROFESSORA                ,0,1,2011
JACAREI,924912,MARIA DE LOURDES VILELA PROFA,1,0,2019
SAO ROQUE,49396,MARIA DE OLIVEIRA LELLIS ITO PROFESSORA                     ,1,0,2015
SAO JOSE DOS CAMPOS,35361,MARIA DOLORES VERISSIMO MADUREIRA PROFESSORA                ,1,0,2014
AMERICANA,17059,MARIA GUILHERMINA LOPES FAGUNDES PROFA                      ,1,0,2014
TUPA,31665,MARIA HELENA BASSO ANTUNES PROFESSORA                       ,1,0,2015
BARRETOS,579889,MARIA HELENA SCANNAVINO,1,0,2018
PIRASSUNUNGA,21490,MARIA JOAQUINA DE ARRUDA PROFESSORA,1,0,2018
JUNDIAI,42705,MARIA JOSE MAIA DE TOLEDO PROFA                             ,1,0,2013
BRAGANCA PAULISTA,909359,MARIA JOSE MORAES SALLES PROFESSORA                         ,1,0,2014
PRESIDENTE PRUDENTE,31744,MARIA LUIZA BASTOS PROFESSORA                               ,1,0,2015
SAO BERNARDO DO CAMPO,9118,MARIA LUIZA FERRARI CICERO PROFESSORA                       ,0,1,2011
ASSIS,33133,MARIA MAGDALENA DE OLIVEIRA DONA COTA,1,0,2019
VOTORANTIM,16822,MARIA PAULA RAMALHO PAES PROFESSORA,1,0,2019
SAO CARLOS,24612,MARIA RAMOS PROFESSORA,1,0,2019
CENTRO OESTE,4625,MARIA RIBEIRO GUIMARAES BUENO PROFESSORA                    ,1,0,2014
MARILIA,36250,MARIA STELLA DE CERQUEIRA CESAR PROFA                       ,0,1,2014
SAO BERNARDO DO CAMPO,9350,MARIA TRUJILO TORLONI                                       ,1,0,2014
ANDRADINA,29661,MARILENA SANTANA CORREA FERNANDES PROFA                     ,0,1,2011
FERNANDOPOLIS,26864,MARILENE DE LURDES LISBOA SINGH PROFESSORA                  ,0,1,2011
MAUA,41233,MARIO ALEXANDRE FARO NIERI                                  ,0,1,2011
CENTRO SUL,1685,MARIO CASASSANTA PROFESSOR                                  ,0,1,2011
PIRACICABA,48355,MARIO DEDINI COMENDADOR                                     ,1,0,2016
CAMPINAS LESTE,37965,MARIO NATIVIDADE DOUTOR,1,0,2019
JUNDIAI,36080,MARIO PEREIRA PINTO                                         ,0,1,2011
LESTE 4,2355,MARISA DE MELLO PROFA                                       ,1,0,2015
MAUA,38477,MARLI RAIA REIS PROFESSORA                                  ,0,1,2011
PRESIDENTE PRUDENTE,32098,MARREY JUNIOR DOUTOR                                        ,1,0,2014
JUNDIAI,45755,MAURILIO TOMANIK PADRE,1,0,2019
CENTRO,3554,MAURO DE OLIVEIRA PROFESSOR                                 ,1,0,2014
PIRACICABA,920770,MELLITA LOBENWEIN BRASILIENSE PROFESSORA                    ,1,0,2014
ITARARE,35300,MIGUEL JOAO PEREIRA PADILHA                                 ,0,1,2011
NORTE 2,1211,MIGUEL VIEIRA FERREIRA DR                                   ,1,0,2016
CENTRO SUL,4406,MILDRE ALVARES BIAGGI PROFESSORA                            ,0,1,2011
NORTE 1,37710,MILTON DA SILVA RODRIGUES PROFESSOR                         ,1,0,2013
CAMPINAS OESTE,18478,MILTON DE TOLOSA PROFESSOR,1,0,2019
LINS,26086,MINERVINA SANT ANNA CARNEIRO PROFA                          ,0,1,2011
GUARATINGUETA,903127,MIQUELINA CARTOLANO PROFA                                   ,1,0,2014
CENTRO SUL,1661,MMDC                                                        ,1,0,2014
MIRANTE DO PARANAPANEMA,32608,MOACYR TEIXEIRA DOUTOR                                      ,0,1,2011
TAUBATE,14254,MONTEIRO LOBATO                                             ,1,0,2013
PIRACICABA,20916,MORAIS BARROS                                               ,0,1,2014
SANTO ANDRE,8175,NADIR LESSA TOGNINI PROFESSORA                              ,0,1,2011
BOTUCATU,495311,NAERSON MIRANDA PROFESSOR                                   ,1,0,2015
SANTO ANDRE,8461,NAGIB MIGUEL ELCHMER PROFESSOR                              ,1,0,2014
MOGI MIRIM,47065,NAIR DE ALMEIDA PROFA                                       ,0,1,2011
SUL 2,438042,NAIR OLEGARIO CAJUEIRO,1,0,2018
CENTRO,711,NARBAL FONTES PROFESSORA                                    ,0,1,2011
BARRETOS,28022,NARCISO BERTOLINO CAPITAO                                   ,1,0,2013
ARARAQUARA,21933,NARCISO DA SILVA CESAR                                      ,1,0,2015
MARILIA,917990,NASIB CURY                                                  ,0,1,2015
SOROCABA,922024,NAZIRA NAGIB JORGE MURAD RODRIGUES PROFESSORA               ,1,0,2015
ITAPECERICA DA SERRA,918817,NEIDE CELESTINA DE OLIVEIRA PROFA                           ,0,1,2014
JABOTICABAL,44623,NELLY BAHDUR CANO PROFESSORA                                ,0,1,2011
SANTO ANDRE,8631,NELSON CARDIM DE BRITO PROFESSOR                            ,0,1,2014
TUPA,34685,NELSON DE CASTRO MAESTRO                                    ,0,1,2011
SAO JOSE DOS CAMPOS,42328,NELSON DO NASCIMENTO MONTEIRO PROFESSOR                     ,1,0,2014
MARILIA,33424,NELY CARBONIERI DE ANDRADE PROFA                            ,1,0,2015
ITAPEVI,40548,NESTOR DE CAMARGO PREFEITO                                  ,1,0,2012
CATANDUVA,26529,NESTOR SAMPAIO BITTENCOURT DOUTOR                           ,1,0,2013
TAUBATE,14291,NEWTON CAMARA LEAL BARROS                                   ,1,0,2013
CAMPINAS LESTE,42614,NEWTON SILVA TELLES PROFESSOR                               ,0,1,2011
PIRAJU,34356,NHONHO BRAGA CORONEL                                        ,1,0,2014
ITAPEVA,15489,NICOTA SOARES PROFESSORA                                    ,1,0,2013
MOGI MIRIM,20631,NORA MONSENHOR                                              ,0,1,2011
VOTUPORANGA,27522,NOVA LUZITANIA                                              ,0,1,2011
ARARAQUARA,462536,OACYR ANTONIO ELLERO PROFESSOR                              ,1,0,2013
LESTE 4,44283,OCTACILIO DE CARVALHO LOPES PROF,1,0,2018
LINS,47557,OCTACILIO DE OLIVEIRA PADRE                                 ,0,1,2011
BIRIGUI,30247,OCTAVIANO CARDOSO                                           ,0,1,2011
ITARARE,40356,OCTAVIO DE ALMEIDA BUENO PROFESSOR                          ,0,1,2014
VOTORANTIM,16780,ODILON BATISTA JORDAO VEREADOR,1,0,2018
CENTRO SUL,4443,ODON CAVALCANTI PROFESSOR                                   ,1,0,2016
CENTRO SUL,1788,OLGA BENATTI PROFESSORA                                     ,1,0,2014
ARACATUBA,29993,OLIMPIO CAMARGO PROF                                        ,0,1,2011
SAO JOSE DOS CAMPOS,13626,OLIMPIO CATAO                                               ,1,0,2014
GUARATINGUETA,13079,OLIVEIRA GOMES COMENDADOR                                   ,1,0,2013
PRESIDENTE PRUDENTE,565039,ORACY MATRICARDI PROF                                       ,1,0,2015
ITAPETININGA,903197,ORESTES ORIS DE ALBUQUERQUE PROF,1,0,2018
CENTRO,37746,ORLANDO HORACIO VITA PROFESSOR                              ,1,0,2015
RIBEIRAO PRETO,44659,OSCAR DE MOURA LACERDA PROFESSOR DOUTOR,1,0,2018
MOGI MIRIM,20539,OSCAR RODRIGUES ALVES DR,1,0,2018
CENTRO SUL,4455,OSCAR THOMPSON                                              ,1,0,2015
SAO JOAO DA BOA VISTA,19197,OSCAR VILLARES                                              ,1,0,2014
JALES,27170,OSVALDO RAMOS                                               ,0,1,2013
CENTRO OESTE,3931,OSWALDO ARANHA                                              ,1,0,2014
GUARATINGUETA,12506,OSWALDO CRUZ                                                ,1,0,2014
SAO VICENTE,909889,OSWALDO DOS SANTOS SOARES PROFESSOR DOUTOR                  ,1,0,2015
CENTRO SUL,36985,OSWALDO GUERNER GONZALEZ PROFESSOR                          ,0,1,2011
SUMARE,462822,PARQUE DOS SERVIDORES,1,0,2017
SANTOS,474859,PARQUE DOS SONHOS 9A                                        ,1,0,2015
LESTE 2,5929,PARQUE JARDIM HELENA,1,0,2019
FERNANDOPOLIS,26943,PASCHOAL CASTREQUINI PREFEITO                               ,0,1,2013
ITU,15635,PAULA SANTOS PROF                                           ,0,1,2011
ITAPECERICA DA SERRA,925615,PAULO DE CASTRO FERREIRA JUNIOR JORNALISTA                  ,1,0,2013
CARAPICUIBA,908629,PAULO IDEVAR FERRAREZI SUPERVISOR                           ,0,1,2011
GUARULHOS SUL,6117,PAULO ROLIM LOUREIRO DOM                                    ,1,0,2016
MOGI MIRIM,905380,PAULO TUROLLA                                               ,0,1,2012
SANTO ANDRE,8126,PAULO VI PAPA                                               ,1,0,2015
LESTE 5,2159,PEDRO ARBUES CORONEL,1,0,2018
VOTORANTIM,900436,PEDRO AUGUSTO RANGEL FILHO PROFESSOR,1,0,2019
CARAPICUIBA,35488,PEDRO CASEMIRO LEITE PROFESSOR,1,0,2018
PIRACICABA,20928,PEDRO DE MELLO,1,0,2019
ARARAQUARA,22068,PEDRO JOSE NETO                                             ,1,0,2015
LESTE 2,36785,PEDRO VIRIATO PARIGOT DE SOUZA ENGENHEIRO,1,0,2019
CENTRO SUL,4856,PEDRO VOSS PROFESSOR                                        ,0,1,2011
JUNDIAI,901283,PEDRO YOSHICHIKA IRIE                                       ,0,1,2011
TAUBATE,49219,PEREIRA DE MATTOS DOUTOR                                    ,1,0,2014
BIRIGUI,30193,PIO ANTUNES DE FIGUEIREDO DOUTOR                            ,0,1,2011
PRESIDENTE PRUDENTE,43148,PLACIDIO BRAGA NOGUEIRA PROFESSOR                           ,1,0,2014
NORTE 1,589,PLINIO DAMASCO PENNA PROFESSOR                              ,1,0,2015
VOTUPORANGA,28997,PONTES GESTAL CEL                                           ,0,1,2011
SUMARE,462342,PRISCILA FERNANDES DA ROCHA                                 ,1,0,2012
ADAMANTINA,578915,PROFESSOR CARLOS UMBERTO CARRARA,1,0,2018
JAU,580065,PROFESSORA NELLY COLLEONE RAVAGNOLLI,1,0,2019
SANTO ANASTACIO,904211,PROJETO LAGOA SAO PAULO,1,0,2019
PIRACICABA,20862,PRUDENTE DOUTOR                                             ,1,0,2016
NORTE 1,901672,RAUL ANTONIO FRAGOSO PROFESSOR                              ,1,0,2015
LIMEIRA,21748,RAUL FERNANDES CHANCELER                                    ,1,0,2013
CENTRO SUL,4819,RAUL HUMAITA VILLA NOVA CORONEL                             ,1,0,2015
LESTE 1,2884,RAUL PILLA DEPUTADO                                         ,1,0,2013
GUARATINGUETA,907200,REGINA BARTELEGA DA CUNHA M JUNQUEIRA ORTIZ MONTEIRO        ,0,1,2011
CENTRO OESTE,3463,REINALDO RIBEIRO DA SILVA DOUTOR                            ,1,0,2014
BRAGANCA PAULISTA,912852,RENATO DE AZEVEDO REZENDE                                   ,0,1,2011
SOROCABA,42420,RENATO SENECA DE SA FLEURY PROFESSOR                        ,1,0,2015
SANTO ANDRE,8205,RENER CARAM PROFESSOR                                       ,0,1,2011
GUARULHOS SUL,285785,REPUBLICA DA VENEZUELA II                                   ,0,1,2011
CENTRO SUL,1892,REPUBLICA DO PARAGUAY                                       ,1,0,2015
SAO BERNARDO DO CAMPO,8874,ROBERT KENNEDY SENADOR                                      ,1,0,2014
CAMPINAS OESTE,65535,ROBERTO MARINHO JORNALISTA                                  ,1,0,2016
ARARAQUARA,25008,ROBERTO VELTRE PROF                                         ,0,1,2011
MOGI MIRIM,43515,ROMEU DE CAMPOS VERGAL DEP                                  ,0,1,2011
CENTRO,668,ROMULO PERO PROFESSOR                                       ,0,1,2011
SAO JOSE DOS CAMPOS,13912,RONDON MARECHAL                                             ,1,0,2014
MIRANTE DO PARANAPANEMA,32141,ROSA FRANCISCA MANO,1,0,2019
JALES,28381,RUBENS DE OLIVEIRA CAMARGO ESCOLA ESTADUAL                  ,0,1,2011
SUMARE,900485,RUBENS OSCAR GUELLI PROFESSOR                               ,1,0,2015
SAO BERNARDO DO CAMPO,9313,RUDGE RAMOS                                                 ,1,0,2013
PINDAMONHANGABA,13365,RYOITI YASSUDA                                              ,1,0,2012
ITAPECERICA DA SERRA,40721,SALVADOR DE LEONE                                           ,1,0,2014
MIRANTE DO PARANAPANEMA,32372,SALVADOR MORENO MUNHOZ,1,0,2019
ADAMANTINA,31461,SALVADOR RAMOS DE MOURA PROF                                ,0,1,2014
MOGI MIRIM,35919,SAO JUDAS TADEU                                             ,1,0,2014
CENTRO,1363,SAO PAULO,1,0,2018
VOTUPORANGA,29002,SARAH ARNOLDI BARBOSA PROFA                                 ,1,0,2014
MIRACATU,47727,SEBASTIANA MUNIZ PAIVA                                      ,0,1,2011
SAO CARLOS,24442,SEBASTIAO DE OLIVEIRA ROCHA PROFESSOR                       ,1,0,2014
RIBEIRAO PRETO,24077,SEBASTIAO FERNANDES PALMA PROFESSOR,1,0,2017
TUPA,34563,SEBASTIAO TEIXEIRA PINTO PROFESSOR                          ,0,1,2011
GUARATINGUETA,13171,SEVERINO MOREIRA BARBOSA,1,0,2019
CATANDUVA,27911,SHIRLEY CAMARGO VON ZUBEN PROFESSORA                        ,1,0,2014
FERNANDOPOLIS,30776,SILVERIO DA CUNHA LACERDA                                   ,0,1,2013
AMERICANA,16962,SILVINO JOSE DE OLIVEIRA PROF                               ,1,0,2014
RIBEIRAO PRETO,22925,SILVIO DE ALMEIDA                                           ,1,0,2014
LINS,26463,SILVIO DE ALMEIDA PROF                                      ,0,1,2011
RIBEIRAO PRETO,24235,SIMAO DA SILVA                                              ,0,1,2011
AMERICANA,37928,SINESIA MARTINI PROFA                                       ,1,0,2015
AMERICANA,922959,SONIA APARECIDA BATAGLIA CARDOSO PROFA,1,0,2018
MOGI MIRIM,921836,SONIA APARECIDA MAXIMIANO BUENO PROFA                       ,1,0,2014
LESTE 5,1740,STEFAN ZWEIG                                                ,0,1,2011
PIRACICABA,21076,SUD MENNUCCI                                                ,1,0,2013
MOGI DAS CRUZES,906347,SUELI OLIVEIRA SILVA MARTINS PROFESSORA                     ,0,1,2011
SAO JOSE DOS CAMPOS,13894,SUELY ANTUNES DE MELLO PROFESSORA                           ,1,0,2015
CAPIVARI,462378,SUELY MARIA CACAO AMBIEL BATISTA PROFESSORA                 ,1,0,2012
SANTOS,11782,SUETONIO BITTENCOURT JUNIOR PROFESSOR                       ,1,0,2015
FRANCA,22834,SUZANA RIBEIRO SANDOVAL PROFA                               ,0,1,2011
CENTRO SUL,4510,TEOTONIO ALVES PEREIRA                                      ,1,0,2014
LESTE 2,46309,TERCIO MORAES PEREIRA REV                                   ,1,0,2013
ITAPEVI,496790,TEREZINHA PALONE DA SILVA DOMINGUES PROFA,1,0,2018
LESTE 5,1387,THEODORO DE MORAES PROFESSOR                                ,0,1,2011
MAUA,48483,ULISSES VICTOR GERVASIO PROFESSOR                           ,0,1,2011
ARARAQUARA,479342,URIAS BRAGA COSTA PROFESSOR                                 ,1,0,2014
ANDRADINA,36195,URUBUPUNGA,1,0,2018
VOTUPORANGA,29208,UZENIR COELHO ZEITUNE PROFA                                 ,0,1,2014
GUARULHOS NORTE,5997,VALDIVINO DE CASTRO PEREIRA,1,0,2017
SANTO ANDRE,8254,VALDOMIRO SILVEIRA,1,0,2019
BARRETOS,36894,VALOIS SCORTECCI                                            ,1,0,2013
BAURU,49682,VERA BRAGA FRANCO GIACOMINI PROFA,1,0,2018
PIRASSUNUNGA,901052,VICENTE CASALE PADOVANI PROFESSOR                           ,0,1,2014
BIRIGUI,30259,VICENTE FELICIO PRIMO                                       ,1,0,2015
SAO JOAO DA BOA VISTA,45731,VICENTE PAULO ZANCHETTA PROFESSOR                           ,0,1,2011
ITAPEVI,10397,VICENTE THEMUDO LESSA PROFESSOR                             ,1,0,2014
CENTRO OESTE,3803,VICTOR OLIVA PROFESSOR                                      ,0,1,2011
NORTE 2,579476,VILA ALBERTINA                                              ,1,0,2016
CAMPINAS OESTE,4766,VILA VITRIA,1,0,2019
GUARATINGUETA,12385,VIRGILIO ANTUNES PROF                                       ,1,0,2013
SAO JOAO DA BOA VISTA,45913,VIRGILIO MARCONDES DE CASTRO PROFESSOR                      ,1,0,2016
CAMPINAS LESTE,18879,VITOR MEIRELLES                                             ,1,0,2014
SAO JOSE DO RIO PRETO,28848,VOLUNTARIOS DE 32                                           ,1,0,2014
SANTOS,42146,WALDEMAR DA SILVA RIGOTTO PROFESSOR,1,0,2018
SOROCABA,41646,WALDEMAR DE FREITAS ROSA PROFESSOR                          ,1,0,2015
MARILIA,33765,WALDEMAR MONIZ DA ROCHA BARROS DR                           ,1,0,2015
ADAMANTINA,31550,WALDOMIRO SAMPAIO DE SOUZA PREFEITO                         ,0,1,2011
LINS,909312,WALTER CARDOSO GALATI PROF                                  ,0,1,2011
CAIEIRAS,5548,WALTER RIBAS DE ANDRADE PROF EE                             ,1,0,2012
CAIEIRAS,5630,WALTHER WEISZFLOG                                           ,1,0,2015
CARAPICUIBA,9854,WILLIAN RODRIGUES REBUA PROFESSOR                           ,1,0,2013
ITAPEVI,918787,WILMAR SOARES DA SILVA                                      ,1,0,2015
LESTE 2,44349,WILSON ROBERTO SIMONINI PROF,1,0,2018
LESTE 3,906207,YERVANT KISSAJIKIAN,1,0,2018
SAO JOSE DO RIO PRETO,44180,YVETE GABRIEL ATIQUE PROFESSORA                             ,1,0,2014
SAO VICENTE,12142,ZULMIRA DE ALMEIDA LAMBERT PROFESSORA                       ,1,0,2013